Avni Rodgers,1
Stefano Irving,1
Saba Mcloughlin,6
Ellesse Pineda,1
Bjorn Duran,16
Phebe Cain,15
Sabina Haley,10
Rachael Adamson,10
Dominic Ballard,12
Ayisha Brewer,4
Milena Alvarez,2
Ptolemy Hendrix,8
Summer Bowden,1
Holli Kirkpatrick,13
Lilly-Mai Rivera,5
Floyd Dunkley,14
Ibrar Mcdonald,13
Miguel Blaese,8
Rehaan Ferreira,2
Jayde Mclellan,10
Xander Willis,14
Aniela Greig,8
Oriana Quintero,4
Ellise Terrell,11
Kirstin Sparrow,7
Helen Elliott,10
Jaya Parkinson,7
Nida Mccann,8
Edgar Fox,4
Amarah Barlow,13
Musa Harper,16
Princess Odling,14
Walter Barnard,4
Meadow Branch,9
Reanne Valenzuela,11
Sarah-Jayne Hansen,6
Brian Horton,5
Giles Meyer,16
Ariah Wilde,11
Jay Foster,15
